Platform,Author,Title,Rating,Date,Review_Text
Indeed,"Client Support Specialist, Costa Mesa, CA",Good learning experience with opportunities to grow,5,2026-09-22,"The company gives you the opportunity to work directly with clients and understand their day-to-day challenges. Over time, I developed strong experience in client communication, issue resolution, troubleshooting, and handling escalations."
Indeed,"Software Engineer, Costa Mesa, CA",Decent work environment and helpful people,5,2026-09-09,I get to work on actual product requirements and solve issues that have a direct impact on the application. It has been a good experience for improving both technical skills and understanding how things work in a real production environment.
Indeed,"Software Engineer, Costa Mesa, CA",A decent place for a software engineer to gain practical experience,5,2026-08-25,I got to work on different technical tasks and learned a lot about improving existing systems. The work also gave me opportunities to collaborate with other teams and understand how software is used in day-to-day business operations.
Comparably,Verified Employee,Supportive leadership & strong culture,5,2026-09-19,"The team is easy to work with and people are willing to help when you run into a problem. Good knowledge sharing, and everyone generally works together to get things done."
Glassdoor,Software Engineer,Collaborative culture and great learning opportunities,5,2026-09-23,Working at Altametrics has been a positive experience. Direct engagement with enterprise restaurant software products and supportive team leads.
Glassdoor,Client Support Specialist,Good place for career development and client operations,5,2026-09-21,Fast-paced environment with real-time exposure to client problem resolution and multi-unit scheduling workflows.
Glassdoor,QA Analyst,Positive environment and good management,4,2026-09-19,"Solid enterprise software quality engineering lifecycle, good teamwork across cross-functional groups."
Google Play,Ether Ethic,,5,2026-10-03,Very useful app for work scheduling! Easy to check shifts and manage schedule. Reliable and user-friendly interface. 👍
Google Play,Adnan Maan,,5,2026-10-03,Very useful app for managing work schedules. Easy to use and convenient for checking shifts 👍
Google Play,Heria telie,,5,2026-10-03,"Zip Schedules makes keeping track of work hours extremely easy. Checking shifts, updating availability, requesting time off, and swapping shifts with coworkers can all be done in just a few taps. It saves a lot of time and keeps everyone on the same page. Highly recommended for team scheduling! 👍"
Google Play,Elowen,,5,2026-10-03,"If you tried app,tell me thank you genuinely liked about it I can help you phrase it correctly!..👍"
Google Play,Jospheno,,5,2026-10-03,"Really useful and easy-to-use scheduling app. I can quickly check my work schedule, manage my availability, request time off, and keep track of shifts. The interface is simple and convenient, and it saves a lot of time. Overall, a very helpful app for managing work schedules.👍"
Google Play,Lalluna,,5,2026-10-03,Simple to use and makes keeping track of my work schedule much easier👍
Google Play,Liam,,5,2026-10-01,"Very useful and well organized app for managing work schedules, makes checking shifts and planning time super easy and convenient."
Google Play,Khan Yt,,5,2026-10-01,"Best app for work schedule! Very easy to use, fast and reliable. Highly recommended!"
Google Play,Rana Rajpoot,,5,2026-09-28,A useful app for checking work schedules quickly from your phone.🇺🇲
Google Play,PromptVerse,,5,2026-09-27,Zip Schedules is a useful app for managing work schedules and staying organized. The interface is simple and convenient to use. Great for keeping track of shifts and work updates🇱🇷
Google Play,Ahtisham Ali,,5,2026-09-27,Useful scheduling app. It makes it easy to check work schedules and manage shifts in one place. Simple and convenient.🇺🇸
Google Play,Morgan,,5,2026-09-27,"Altametrics Schedules is a useful app for managing work schedules and shifts. I like that employees can easily check their schedules, request time off, update availability, and swap shifts with coworkers. The interface is simple and makes it easier to keep track of work-related requests in one place. Overall, it’s a convenient scheduling app for both employees and managers.🇺🇲"
Google Play,Jiha Jospi Diyana,,5,2026-09-27,"Altametrics Schedules is a useful and convenient app for managing work schedules. I like that employees can easily check their schedules, request time off, update availability, and swap shifts. The interface is simple to understand, and having everything in one place makes managing work schedules much easier. Overall, it’s a helpful app for both employees and managers 🇱🇷"
Google Play,Elizabeth,,5,2026-09-26,Awesome tool for keeping track of all my work shifts 🇺🇸
Google Play,Devin W King,,3,2026-09-25,trouble logging in and also resetting password
Google Play,Sinha Rao,,5,2026-09-24,"Altametrics is a great platform for managing restaurant operations efficiently. I really like how it simplifies scheduling, employee management, inventory tracking, and reporting in one place. The features are easy to use and help save time while keeping daily operations organized. Overall, a very useful and reliable tool for restaurant management!"
Google Play,Eli Parker,,5,2026-09-24,Very useful scheduling app! The interface is simple and easy to understand. It makes checking schedules and managing work time much more convenient. Smooth and helpful app! 👍%%
Google Play,Abigail,,5,2026-09-24,"Altametrics Schedules is a lifesaver! Makes checking my work schedule super easy and fast. The app is clean, lightweight, and never glitches. Love that I can view my shifts anytime, anywhere. Highly recommended🇺🇸"
Google Play,TrickShots Loops,,5,2026-09-16,I can check my shifts and availability anytime from my phone 🇺🇸
Google Play,Aurora Dream,,5,2026-09-15,The app makes it convenient to keep track of shifts and request time off. The layout is straightforward and easy to use.
Google Play,AURELIA AURA,,5,2026-09-15,Simple and useful app for checking work schedules. I like that I can easily view my shifts and manage my availability.
Google Play,Angelboy,,5,2026-09-15,Nice app.
Google Play,Elizabeth queen,,5,2026-09-15,"I find the scheduling features straightforward and useful for keeping track of work shifts. The layout is easy to understand, and having the schedule available in one place is convenient."
Google Play,Crystal Ellie,,5,2026-09-15,Notifications keep me updated instantly whenever my schedule changes.
Google Play,Estelle lavinia,,5,2026-09-15,Puts my entire work schedule in my pocket so I always know when I’m working
Google Play,Aria Chen,,5,2026-09-15,Makes it so easy to check my work schedule anytime without calling the manager.
Google Play,Famous 12U,,5,2026-09-15,"Simple, reliable, and free — it puts all scheduling tools right in my pocket."
Google Play,Haly Hailee,,5,2026-09-15,"Altametrics Schedule App makes staff scheduling super easy, fast and perfectly organized"
Google Play,Daisy Daisy,,5,2026-09-15,Managers can approve requests instantly and keep everything organized in one place
Google Play,John David,,5,2026-09-13,"syncing schedules directly to my phone's calendar is incredibly convenient.l get alerts,can plan around my shifts, and avoid my surprises.the app gives real time updates and has a user friendly management much easier for both managers and employees."
Google Play,Zarish Khan,,5,2026-09-13,"Very useful app for managing schedules! Clean interface, fast performance and works smoothly. Makes tracking tasks and shifts so much easier."
Google Play,Nora Hayes,,5,2026-09-12,"""Altametrics Schedules makes managing work easy - view shifts, request time off, and swap schedules anytime with a clean, reliable app."""
Google Play,Malik Zia,,5,2026-09-12,"*Zip Schedules* Smart and simple app for managing work schedules, shifts, and team communication. Helps you stay on time with instant updates and easy clock-in/out features."
Google Play,Iris Felix,,5,2026-09-12,"Super organized and reliable. I love the real-time notifications and how easy it is to see my schedule anywhere, anytime."
Google Play,Amoré Cronje,,5,2026-09-11,"A very useful and convenient app for managing work schedules. The interface is simple and easy to understand, making it easy to check shifts and stay organized. Everything feels well arranged and accessible. Overall, a helpful app for keeping track of work schedules and staying updated."
Google Play,Loius Pasteur,,5,2026-09-10,"Altimetric is a useful and easy-to-use app for checking altitude and getting helpful information about your surroundings. The interface is simple, the readings are convenient to access, and it can be especially handy for hiking, traveling, and outdoor activities. Overall, a practical app that does what it’s designed to do. ⭐⭐⭐⭐⭐"
Google Play,LORIE HATHEWAY,,5,2026-09-10,nice
Google Play,Adam,,5,2026-09-10,"Zip Schedules makes staff scheduling painless — clear shifts, easy swaps, and everyone stays in the loop."
Google Play,Rose,,5,2026-09-10,Great app..It makes managing work schedules and shifts simple and convenient. Easy to use and very helpful for keeping everything organized.
Google Play,Moonlight Moonlight,,5,2026-09-09,Super easy to use! Scheduling and managing shifts has never been this smooth..
Google Play,Lovely Saul,,5,2026-09-09,Best employee scheduling app — makes shift planning super easy and saves so much time..
Google Play,Hope Nop,,5,2026-09-09,"*Altametrics Schedules* is a cloud-based workforce scheduling tool for restaurants that aligns labor with sales forecasts to cut costs, ensure compliance, and keep teams staffed efficiently.."
Google Play,Mahiii,,5,2026-09-09,Altametrics Schedules is a handy app for keeping track of work schedules. I liked how simple it is to check shifts and manage my schedule...
Google Play,Maaya Dyana,,5,2026-09-08,"It's convenient, organized, and easy to use. Definitely a helpful app for keeping work schedules on track!"
Google Play,Jenny Diyana,,5,2026-09-08,"Puts my whole work schedule in my pocket, requesting time-off and shift swaps is a click away. Managers and employees both get smooth tools, and it makes scheduling so much easier."
Google Play,Tayyab,,5,2026-09-08,"Really useful and easy-to-use scheduling app. I can quickly check my work schedule, manage my availability, request time off, and keep track of shifts. The interface is simple and convenient, and it saves a lot of time. Overall, a very helpful app for managing work schedules."
Google Play,Milan,,5,2026-09-08,I love having my work schedule right on my phone. Very convenient and easy to use.
Google Play,Tomcurise,,5,2026-09-08,Very useful app for keeping track of my work schedule.
Google Play,Magsi Baloch,,5,2026-09-08,"Great app! It makes checking schedules, requesting time off, and managing shifts simple and convenient."
Google Play,Sultan “Jackson”,,5,2026-09-07,"“Convenient and easy to use for checking work schedules, managing availability, and handling time-off requests. A useful scheduling app.”"
